keyword,title,price,rating,reviews,platform,position,delivery,discount
Smart Phone,Motorola Moto G 2025 Prepaid Smartphone,39.88,3.8,110.0,Walmart,1,Free next-day delivery,
Smart Phone,Samsung Galaxy A17 5G,199.99,4.4,9800.0,Best Buy,2,Free delivery by Sun,
Smart Phone,Apple Refurbished iPhone 13,56.0,4.1,1800.0,constructorcampus.org,3,,
Smart Phone,Samsung Galaxy S25 FE,13.99,4.6,124000.0,AT&T,4,Free delivery,
Smart Phone,Google Pixel 10a,424.0,4.6,1300.0,Best Buy,5,Free delivery by Sun,
Smart Phone,Unihertz Titan 2 5G Smartphone,489.99,4.8,153.0,Unihertz,6,Free delivery,
Smart Phone,Apple iPhone 17 Pro Max,1199.0,4.4,20000.0,Apple,7,Free next-day delivery,
Smart Phone,Tracfone Samsung Galaxy A16 Prepaid,49.99,4.3,26.0,Best Buy,8,Free delivery by Sun,
Smart Phone,Samsung Galaxy S26,399.99,4.7,16000.0,Cricket Wireless,9,Free delivery,
Smart Phone,Samsung Galaxy S26 Ultra,36.12,4.8,54000.0,AT&T,10,Free delivery,
Smart Phone,Apple iPhone 17,25.81,4.5,8900.0,Walmart,11,,
Smart Phone,Google Pixel 10 Pro,999.0,4.4,2300.0,Google Store,12,Free delivery,
Smart Phone,Motorola Moto G Play 2024,149.99,4.4,1100.0,Best Buy,13,Free delivery by Sun,
Smart Phone,OnePlus 15 512GB,999.99,4.5,44.0,OnePlus Official Store,14,Free delivery,
Smart Phone,Samsung Galaxy S25 FE 128GB Jetblack,149.99,4.7,3100.0,Cricket Wireless,15,Free delivery,
Smart Phone,Apple iPhone 17 Pro 256GB Cosmic Orange,1099.0,3.8,2200.0,Apple,16,Free next-day delivery,
Smart Phone,Nothing Phone 3 5G Mobile Phone,699.99,4.6,271.0,Best Buy,17,Free delivery by Sun,
Smart Phone,Phonemax Q9 mini Smartphone,238.0,5.0,1.0,Phonemax,18,Free delivery,
Smart Phone,Samsung Galaxy A15,59.88,3.8,2600.0,Walmart,19,Free delivery by Thu,
Smart Phone,Motorola Moto G Stylus 2025,29.99,1.0,1.0,Cricket Wireless,20,Free delivery,
Smart Phone,Tracfone BLU View Speed Ultra 64GB Prepaid,24.99,4.2,14.0,Best Buy,21,,
Smart Phone,Google Pixel 10 Pro XL,1199.0,4.5,2300.0,Google Store,22,Free delivery,
Smart Phone,T-Mobile Revvl 8 Pro (with 36 monthly payments + plan) - REVVL Smartphone,10.42,,,T-Mobile,23,Free delivery,
Smart Phone,Tracfone Moto G Play 2024 Prepaid Smartphone,39.88,3.2,406.0,Walmart,24,Free next-day delivery,
Smart Phone,Apple iPhone 17e,16.67,4.6,3100.0,Best Buy,25,Free delivery by Sun,
Smart Phone,Apple iPhone 17 Pro 256GB Silver,1099.0,3.8,2300.0,Apple,26,Free next-day delivery,
Smart Phone,Nothing Phone Pro,539.0,4.8,145.0,Nothing US,27,Free delivery by Thu,
Smart Phone,Unihertz Titan Slim Smartphone,299.99,4.4,113.0,Unihertz,28,Free delivery,
Smart Phone,Samsung Galaxy A37 5G,374.99,4.8,3700.0,Best Buy,29,Free delivery by Sun,
Smart Phone,Google Pixel 10,799.0,4.6,1900.0,Google Store,30,Free delivery,
Smart Phone,Samsung Galaxy S26 Ultra 256GB Black,699.99,,,Cricket Wireless,31,Free delivery,
Smart Phone,OnePlus 15R 256GB,699.99,4.8,220.0,OnePlus Official Store,32,Free delivery,
Smart Phone,Jitterbug Smart4 Smartphone for Seniors,47.99,4.2,585.0,Best Buy,33,Free delivery by Sun,
Smart Phone,Samsung Galaxy A16 Prepaid Smartphone,59.88,3.9,113.0,Walmart,34,Free delivery,
Smart Phone,Apple iPhone 17 Pro 256GB Deep Blue,1099.0,3.8,2400.0,Apple,35,Free next-day delivery,
Smart Phone,Apple iPhone 16e Black,599.99,3.9,1200.0,Boost Mobile,36,,
Smart Phone,Tracfone Motorola Moto g Play 64GB Prepaid,39.99,4.3,446.0,Best Buy,37,Free delivery by Sun,
Smart Phone,Unihertz Jelly Max 5G Smartphone,339.99,4.6,44.0,Unihertz,38,Free delivery,
Smart Phone,Apple iPhone 17 Pro,1299.0,4.5,8200.0,Klarna,39,Free delivery,
Smart Phone,NUU B40 5G Android Smartphone,249.99,,,NUU,40,Free delivery,
Washing Machine,Whirlpool 3.5 Cu. Ft. Top Load Washer WTW4816FW,499.0,3.9,26000.0,Lowe's,1,,
Washing Machine,Insignia 3.7 Cu. Ft. High Efficiency 12-Cycle Top-Loading Washer,449.99,4.3,2400.0,Best Buy,2,,
Washing Machine,LG 4.1 Cu. Ft. Top Load Washer with Agitator,569.0,4.3,5800.0,Home Depot,3,,
Washing Machine,Insignia 4.1 Cu. Ft. Top Load Washer NS-WMT41WA5,499.99,4.7,878.0,Best Buy,4,,
Washing Machine,GE Hotpoint Top Load Washer HTW265AS,519.0,4.1,2600.0,Lowe's,5,,
Washing Machine,GE 4.0 Cu. Ft. Capacity Washer with Stainless Steel Basket and Water Level Control,539.0,4.0,2700.0,ABC Warehouse,6,,
Washing Machine,LG 4.1 Cu. Ft. Top Load Washer with 4-way Agitator,599.0,3.8,783.0,Home Depot,7,,
Washing Machine,Samsung Top-Load Washer WA45T3200AW,549.99,4.3,8200.0,Best Buy,8,,
Washing Machine,Maytag Top Load Washer with Deep Fill MVW4005SW,559.77,4.1,1600.0,PC Richard & Son,9,,
Washing Machine,Hotpoint HTW240ASKWS Washer,16.95,,,dialrto.com,10,,
Washing Machine,WHIRLPOOL Top Load Washer with Removable Agitator,699.0,3.8,20000.0,Lowe's,11,,
Washing Machine,Midea Top Load Washer,399.99,5.0,3.0,Electronic Express,12,,
Washing Machine,Magic Chef Front Load Washer,581.99,2.7,14.0,Home Depot,13,,
Washing Machine,"Dimedeal 18lbs Portable Twin Tub Washing Machine, Small Washer with 1 Drying Rack and 10 Hangers, Compact Laundry Machine with Spinner, Mini Washer",105.99,2.8,24.0,Walmart - Dimedeal,14,Free delivery,
Washing Machine,Avanti 1.38 Cu. Ft. Compact Washer,249.97,3.9,24.0,PC Richard & Son,15,,
Washing Machine,Hotpoint 4.0 cu. ft. Top Load Washer in White with Cold Plus and Water Level Control,17.99,4.1,2600.0,Rent-A-Center,16,Free delivery,
Washing Machine,Maytag Front Load Washer With Extra Power and 12-Hr Fresh,799.0,3.9,8400.0,Home Depot,17,,
Washing Machine,Whirlpool Top Load Impeller Washer wtw4300sw,599.0,3.8,96.0,Lowe's,18,,
Washing Machine,Samsung Front Load Washer WF45T6000AV,729.12,4.4,3400.0,Electronic Express,19,,
Washing Machine,"LG 27"" Smart Front Load Washer",1099.99,4.3,371.0,Best Buy,20,,
Washing Machine,LG WT6100CW Top Load Washer,569.0,4.4,1400.0,Home Depot,21,,
Washing Machine,GE Washer GTW485ASWWB,597.0,4.2,9600.0,ABC Warehouse,22,,
Washing Machine,Whirlpool Top Load Washer,598.0,4.1,2300.0,Plesser's Appliances,23,Free delivery,
Washing Machine,Speed Queen TC5 Top Load Washer,1497.0,4.6,3900.0,Rochester Appliance,24,Free delivery by Wed,
Washing Machine,Amana Top Load Washer NTW4519JW,499.0,3.7,3500.0,Home Depot,25,,
Washing Machine,Maytag Top Load Washer,599.0,3.8,24000.0,Budget Appliance & Mattress Co,26,,
Washing Machine,Samsung 4.4 Cu. Ft. Top Load Washer with ActiveWave Agitator and Soft-Close Lid,548.97,4.2,2300.0,PC Richard & Son,27,,
Washing Machine,Miele WXC280WCS Front Load Washer,1999.0,,,Best Buy,28,Free delivery,
Washing Machine,LG Smart Compact Front Load Washer,1149.0,4.0,725.0,Lowe's,29,Free delivery,
Washing Machine,Costway Portable Semi-automatic Washing Machine with Built-in Drain Pump,158.99,4.6,1700.0,Walmart - Costway,30,Free delivery,
Washing Machine,Whirlpool Top Load Agitator Washer with Quick Wash WTW4105SW,674.0,3.9,70.0,Home Depot,31,,
Washing Machine,Electrolux Front Load Washer ELFW7537AW,943.0,4.6,2700.0,Plesser's Appliances,32,Free delivery,
Washing Machine,LG 5.2 Cu. Ft. Smart Front Load Washer WM8900HBA,1395.0,4.5,1500.0,Town Appliance,33,Free delivery,
Washing Machine,Samsung 4.7 Cu. Ft. Smart Top Load Washer,629.12,4.2,1300.0,Best Buy,34,,
Washing Machine,Panda 2.0 Cu. ft. Portable Washing Machine,382.99,4.3,22.0,Home Depot,35,Free delivery,
Washing Machine,Maytag 5.2 Cu. ft Agitator Top Load Washer with Extra Power,849.0,3.9,793.0,Lowe's,36,,
Washing Machine,LG Top Load Washer WT7000CW,697.0,4.2,1200.0,ABC Warehouse,37,,
Washing Machine,Samsung Front Load Washer WF45T6000AW,729.0,4.3,7000.0,Abt Electronics & Appliances,38,Free delivery,
Washing Machine,Frigidaire 4.1 Cu. Ft. Top Load Washer,649.12,4.1,195.0,Electronic Express,39,,
Washing Machine,LG TurboWash 360 Washer WM4000HBA,929.0,4.3,5000.0,Home Depot,40,,
laptop,Hp 14 inch HD Windows Laptop,259.0,3.2,54.0,Walmart,1,Free next-day delivery,
laptop,"ACEMAGIC - LX15Pro - 15.6"" Gaming Laptop - AMD Ryzen 5 7430U(6C/12T) - Radeon RX Vega 8 Graphics -16GB memory - 512GB NVMe SSD - Gray",429.0,3.5,8.0,Best Buy,2,,
laptop,Apple MacBook Neo 13 A18 Pro chip,699.99,4.8,4800.0,Target,3,Free delivery by Thu,
laptop,"Acer Chromebook 315 15.6"" FHD Wi-Fi 6E",199.0,4.5,43.0,Best Buy,4,Free delivery by Sun,
laptop,"Lenovo IdeaPad Slim 3i 15"" Touchscreen Laptop",849.0,5.0,2.0,Walmart,5,Free delivery,
laptop,Razer Blade 16 Ultra-thin 16-inch AMD Gaming Laptop,2399.99,,,Razer.com,6,Free delivery,
laptop,"HP OmniBook 3 14"" 2K OLED Laptop",499.99,4.7,11.0,Best Buy,7,Free delivery,
laptop,"Dell Inspiron 15.6"" HD Screen Laptop",749.99,4.1,185.0,Dell,8,Free delivery by Thu,
laptop,Rnruo 14 inch Windows 11 Laptop,205.49,3.4,12.0,Walmart - RNRUO,9,Free delivery by Tue,
laptop,"Lenovo - IdeaPad Slim 3 Chromebook - 14"" 2K Touchscreen Laptop - MediaTek Kompanio 540 2025 - 4GB Memory - 64GB eMMC - Blue",299.0,,,Best Buy,10,,
laptop,"ASUS ROG Strix G18 18"" FHD+ 144Hz Gaming Laptop",1399.99,,,Staples,11,Free delivery by Wed,
laptop,"Nimo 15.6"" Ryzen 7 8745HS Laptop",729.99,4.2,4.0,Nimo,12,Free delivery,
laptop,"Microsoft 13"" Surface Laptop Copilot+ PC",1249.99,4.7,658.0,Best Buy,13,Free delivery by Sun,
laptop,13-inch Apple MacBook Air M5,1299.0,4.9,2800.0,Apple,14,Free next-day delivery,
laptop,"HP 14"" Intel Core N150 Laptop",299.99,4.4,111.0,Staples,15,Free delivery by Wed,
laptop,"Lenovo - IdeaPad Slim 3 Chromebook - 14"" 2K Touchscreen Laptop - MediaTek Kompanio 540 2025 - 8GB Memory - 128GB UFS - Blue",439.0,4.6,40.0,Best Buy,16,,
laptop,"HP 14"" Core i3-1115G4 Laptop",299.99,2.7,6.0,Walmart - Smartisan Tech,17,Free delivery,
laptop,Dell Pro Max 18 Plus MB18250,5549.95,4.4,88.0,B&H Used Store,18,Free delivery by Tue,
laptop,"Lenovo IdeaPad Slim 3i 15.6"" Full HD Laptop",349.99,4.5,198.0,Best Buy,19,,
laptop,MSI Cyborg 15 Gaming Laptop,1399.99,,,Altex Electronics,20,,
laptop,"ASUS Vivobook 15.6"" Touchscreen Laptop",669.99,,,Electronic Express,21,Free delivery,
laptop,"HP OmniBook 5 16"" AI Laptop | Snapdragon X X1-26-100 | 16GB | Windows 11 Home | 256GB SSD | Glacier Silver | B81YMAV_1",629.99,4.2,56.0,HP,22,Free delivery,
laptop,"Lenovo LOQ 15.6"" 2K Gaming Laptop",1324.99,5.0,2.0,Best Buy,23,Free delivery by Sun,
laptop,AMD Ryzen 9 Gaming Laptop,999.99,,,Walmart - UHIPPO Laptops,24,Free delivery,
laptop,Acer Predator Helios Neo Gaming Laptop,1749.99,4.5,4.0,B&H Photo-Video-Audio,25,Free delivery by Tue,
laptop,Microsoft Surface Laptop for Business,1649.99,5.0,1.0,Microsoft Store,26,Free delivery by Wed,
laptop,Dell 14 Plus Laptop,1509.99,4.3,989.0,Newegg.com - Dell Technologies,27,Free delivery,
laptop,Lenovo Legion Pro 5i Gaming Laptop,2449.99,,,Best Buy,28,Free delivery,
laptop,Alienware 15 Gaming Laptop,2599.0,4.7,130.0,Walmart - Teknoraks,29,,
laptop,15-inch Apple MacBook Air M5,1699.0,4.9,1500.0,bkstr.com/texassanantoniostore/home,30,,
laptop,"Lenovo Ideapad Slim 3 15.6"" N150 Laptop",329.99,4.6,17.0,Instacart,31,,
laptop,"Samsung - Galaxy Chromebook Go - 14"" LED Laptop - Intel Celeron- 4GB Memory - 128GB + 128GB SD Card - Silver",329.99,,,Best Buy,32,,
laptop,Microsoft Surface Laptop 7 Copilot+ PC,1910.99,3.0,5.0,Insight,33,,
laptop,Lenovo IdeaPad Slim 3i Arctic Grey Laptop Intel N100 82xbx,268.0,3.8,260.0,Walmart - Velztorm PC,34,Free delivery,
laptop,"Microsoft Surface Pro 13"" Snapdragon X2 Plus",1649.0,4.7,28.0,B&H Photo-Video-Audio,35,,
laptop,"HP 15.6"" HD Laptop",314.99,3.7,364.0,Best Buy,36,,
laptop,"Dell Chromebook 11.6"" HD Screen 2-in-1 Laptop",489.0,4.8,10.0,Dell,37,Free delivery,
laptop,ASUS TUF A16 Gaming Laptop,1147.0,4.1,8.0,Walmart - PrimeGear Tech,38,Free delivery,
laptop,LOQ RTX 512 GB SSD M.2 2242 computerIe Gen4 TLC 83tncto1wwus,1540.07,,,Lenovo,39,Free delivery,
laptop,"HP OmniBook X Flip 14"" AI 2-in-1 Laptop",1999.99,4.0,2.0,HP,40,Free delivery,
headphones,Apple AirPods Max,299.99,4.6,12000.0,PayMore Springfield,1,Free delivery by Thu,
headphones,Anker Soundcore Q20i Hybrid Active Noise Cancelling Headphones,44.99,4.8,7400.0,Best Buy,2,Free delivery by Sun,
headphones,JLab Studio 2 Wireless Headphones,24.99,4.6,828.0,Target,3,Free delivery on $35+,
headphones,Beats Solo 4 On-Ear Wireless Headphones,118.97,4.0,599.0,Best Buy,4,,
headphones,Bose QuietComfort Noise Cancelling Headphones,229.0,4.6,7500.0,Bose,5,Free delivery,
headphones,Onn. On-Ear Headphones,6.0,3.9,1900.0,Walmart,6,,
headphones,Dan Clark Audio E3 Planar Magnetic Headphones,1999.99,4.8,84.0,HiFiSoundGear,7,Free delivery,
headphones,JBL On-Ear Headphones Tune 520BT Wireless,39.1,4.6,11000.0,Best Buy,8,,
headphones,Skullcandy Crusher ANC 2 Wireless Headphones,259.99,4.6,7200.0,Skullcandy,9,Free delivery,
headphones,Sony WH-1000XM6 Wireless Noise Canceling Headphones,398.0,4.7,3200.0,Sony,10,Free delivery by Tue,
headphones,Sennheiser HD 560S Headphones,199.99,4.7,1100.0,Target,11,Free delivery by Thu,
headphones,Audio Technica ATH-M50X Professional Monitor Headphones,159.0,4.8,4000.0,Guitar Center,12,Free delivery,
headphones,Bose QuietComfort Ultra Headphones,229.0,4.4,9800.0,Bose,13,Free delivery,
headphones,Shokz OpenRun Pro 2,179.99,4.7,4800.0,Best Buy,14,Free delivery by Sun,
headphones,Bowers & Wilkins PX8 Over-Ear Noise Canceling Wireless Headphones,479.0,4.8,4400.0,Bowers & Wilkins,15,Free delivery,
headphones,Onn. Wireless On-Ear Headphones,12.88,4.0,2300.0,Walmart,16,,
headphones,JBL Tune 530BT Wireless On-Ear Headphones,44.99,4.7,549.0,Kohl's,17,,
headphones,Beats Studio Pro Wireless Headphones - Sandstone,19.99,4.6,19000.0,Rent-A-Center,18,Free delivery,
headphones,Sennheiser MOMENTUM 4 Wireless Headphones,224.99,4.6,8200.0,Best Buy,19,Free delivery by Sun,
headphones,Audeze LCD 2 Headphones,895.0,4.8,140.0,Moon Audio,20,Free delivery by Tue,
headphones,HIFIMAN Edition XS Headphones,209.0,4.7,496.0,Headphones.com,21,Free delivery,
headphones,Meze Audio 105 AER Open-Back Headphones,299.0,4.8,121.0,Guitar Center,22,Free delivery,
headphones,Beyerdynamic DT 990 PRO X Studio Headphones,229.99,4.7,86.0,Sweetwater,23,Free delivery by Wed,
headphones,Marshall Major V On-Ear Headphones,154.99,4.7,2100.0,Best Buy,24,Free delivery,
headphones,JLab Studio Pro Wireless Over-Ear Headphones,19.99,4.2,1500.0,Walmart,25,,
headphones,Sony WH-CH720N Noise Canceling Headphones,49.99,4.9,202.0,Target,26,Free delivery by Thu,
headphones,JBL Tune 670NC On-Ear Wireless Noise Cancelling Headphones,59.95,4.4,2900.0,Crutchfield,27,Free delivery by Tue,
headphones,Skullcandy Crusher Evo Wireless Over Ear Headphones,168.0,4.6,7000.0,Best Buy,28,,
headphones,Apple EarPods,19.0,4.6,31000.0,Boise State Bronco Shop,29,,
headphones,Audio Technica ATH-M20X Monitor Headphones,49.0,4.7,3100.0,B&H Photo-Video-Audio,30,Free delivery by Tue,
headphones,Beat Studio Pro on Ear Headphones in Black,22.99,4.6,19000.0,Rent-A-Center,31,Free delivery,
headphones,Anker Soundcore Life Q20 Hybrid Active Noise Cancelling Headphones Wireless Over Ear Bluetooth Headphones,39.99,4.5,838.0,Walmart - AnkerDirect,32,Free delivery by Tue,
headphones,Sony Wireless Noise Canceling Headphones,89.97,4.6,13000.0,Best Buy,33,,
headphones,Apple AirPods Max 2,530.0,4.7,817.0,Sweetwater,34,Free delivery by Wed,
headphones,Bose QuietComfort Headphones,199.0,4.7,269.0,Bose,35,Free delivery,
headphones,Sonos Ace Wireless Noise Canceling Headphones,399.0,4.6,4000.0,Sonos,36,Free delivery,
headphones,JVC Ear Headphones,24.99,4.4,1800.0,jvcshop,37,,
headphones,Sony WH-CH520 Wireless On-Ear Headphones,39.99,4.7,2800.0,Best Buy,38,Free delivery by Sun,
headphones,Anker Soundcore Life Q30 Hybrid Active Noise Cancelling Wireless Bluetooth Headphones,55.98,4.8,112.0,Target,39,Free delivery,
headphones,Sennheiser Momentum 5 Wireless Headphones,399.95,4.7,199.0,Sennheiser Consumer Audio US,40,Free delivery by Wed,
smartwatch,Samsung Galaxy Watch FE,94.99,4.1,2100.0,"Walmart - Hyper Microsystems, Inc.",1,,
smartwatch,Apple Watch SE 3 GPS 40mm Midnight Aluminum Case,12.5,4.8,6800.0,T-Mobile,2,Free delivery,
smartwatch,Amazfit Band 7 Fitness Tracker,49.99,4.3,1100.0,Target,3,Free delivery by Thu,
smartwatch,Nothing CMF Watch Pro 3,69.0,4.6,607.0,Nothing US,4,Free delivery by Thu,
smartwatch,Amazfit Bip 6 Smartwatch,79.99,4.5,244.0,Best Buy,5,Free delivery by Sun,
smartwatch,Garmin Lily 2 Smartwatch,249.99,4.4,1200.0,Garmin - United States,6,Free delivery by Tue,
smartwatch,Google Pixel Watch 4,399.99,4.6,1100.0,Google Store,7,Free delivery,
smartwatch,"Smart Watch for Men Women 2.01"" HD Touchscreen Bluetooth Call IP68 Waterproof",35.99,,,Target,8,Free delivery,
smartwatch,Tozo S4,49.99,4.7,133.0,TOZO,9,Free delivery,
smartwatch,Amazfit Active 2 Smartwatch,79.99,4.8,1900.0,Best Buy,10,Free delivery by Sun,
smartwatch,Samsung Galaxy Watch8,299.99,4.4,62000.0,Samsung,11,Free delivery,
smartwatch,Mingdaln Smart Watch,29.99,4.4,1300.0,Walmart - Frontier of technology,12,,
smartwatch,Amazfit Bip 6 Smart Watch,79.99,4.9,11000.0,Target,13,Free delivery by Thu,
smartwatch,Garmin Instinct E,249.99,4.4,239.0,Garmin - United States,14,Free delivery by Tue,
smartwatch,Withings ScanWatch 2 Hybrid Smartwatch,369.95,4.4,874.0,Best Buy,15,,
smartwatch,Samsung Galaxy Watch8 Classic,499.99,4.6,8300.0,Samsung,16,Free delivery,
smartwatch,Smart Watch with Alexa Built-in,26.99,4.3,363.0,Walmart - Cillso Store,17,,
smartwatch,Garmin vivoactive 6 Smartwatch,299.99,4.6,2400.0,Garmin - United States,18,Free delivery by Tue,
smartwatch,Samsung Galaxy Watch7,189.99,4.5,8900.0,Best Buy,19,Free delivery by Sun,
smartwatch,Smart Watch with HD Touchsreen,35.99,3.5,43.0,Target,20,Free delivery,
smartwatch,TOZO S4 Smartwatch with Bluetooth Calling and AMOLED Screen,49.99,4.7,131.0,TOZO,21,Free delivery,
smartwatch,Indestructible Tactical Smartwatch,139.99,,,Njord Gear,22,Free delivery,
smartwatch,Apple Watch Ultra 3 GPS + Cellular 49mm Titanium Case,719.0,4.7,3900.0,Follett's College of DuPage Bookstore,23,,
smartwatch,Smart Watch 2025,23.89,3.7,215.0,Walmart - SISROW,24,,
smartwatch,Fitbit Versa 4 Fitness Smartwatch,165.0,4.2,8000.0,Best Buy,25,,
smartwatch,Garmin Lily 2 Classic Smartwatch,299.99,4.4,701.0,Garmin - United States,26,Free delivery by Tue,
smartwatch,Samsung Galaxy Watch Ultra2,699.99,4.8,538.0,Samsung,27,Free delivery,
smartwatch,Amazfit Active 2 Square Leather Smartwatch with Heart Rate Tracking,129.99,4.4,43.0,Target,28,Free delivery by Thu,
smartwatch,Garmin Lily 2 Active Smartwatch,299.99,4.8,1500.0,Home Depot,29,Free delivery,
smartwatch,Apple Watch Series 11 GPS Aluminum Case Sport Band,349.99,4.8,13000.0,Best Buy,30,Free delivery by Sun,
smartwatch,Women's HD Touchscreen Fitness Tracker with Bluetooth Calls,32.99,4.9,159.0,Walmart - Cillso Store,31,,
smartwatch,Garmin Instinct 3 Solar,349.99,4.7,1900.0,Garmin - United States,32,Free delivery by Tue,
smartwatch,Cubitt Terra Rugged Smartwatch,139.95,3.7,3.0,Cubitt,33,Free delivery,
smartwatch,TOZO S5 Bluetooth Sports Smartwatch,79.99,4.3,184.0,TOZO,34,Free delivery,
smartwatch,Garmin Vivomove Trend Hybrid Smartwatch,299.99,4.2,816.0,Cabela's,35,Free delivery,
smartwatch,Women's Smartwatch with Bluetooth Calls and Fitness Tracker,8.77,,,Walmart - Hovilon Home Store,36,,
smartwatch,Garmin Venu 4 Smartwatch,549.99,4.7,1500.0,Best Buy,37,,
smartwatch,Amazfit Bip Max,99.99,4.9,183.0,Target,38,Free delivery by Thu,
smartwatch,Garmin vivosmart 5,149.99,4.0,2600.0,Home Depot,39,Free delivery,
smartwatch,Google Fitbit Air Fitness Tracker,99.99,4.4,560.0,Google Store,40,Free delivery,
tablet,Amazon Fire HD 10 Tablet,139.99,4.6,1900.0,Best Buy,1,Free delivery by Sun,
tablet,Amazon Fire HD 8 Tablet,99.99,4.5,669.0,Target,2,Free delivery by Thu,
tablet,"Lenovo Tab One 8.7"" HD Android Tablet",99.99,4.6,696.0,Best Buy,3,Free delivery,
tablet,Onn. 8.1 inch Core Tablet,138.0,4.2,66.0,Walmart,4,Free next-day delivery,
tablet,Apple iPad mini,31.25,4.8,5000.0,T-Mobile,5,Free delivery,
tablet,Samsung Galaxy Tab A11+ Tablet,274.0,4.7,3800.0,Best Buy,6,,
tablet,Apple iPad,164.89,4.7,15000.0,Walmart - Wireless Source,7,Free delivery,
tablet,"Lenovo Tab One 8.7"" IPS 480 nits",99.99,4.4,103.0,Instacart,8,,
tablet,TCL TAB 8 NXTPAPER 5G,5.56,2.7,3.0,AT&T,9,Free delivery,
tablet,"Lenovo Idea Tab 11"" 2.5K Tablet",299.99,4.8,448.0,Best Buy,10,Free delivery by Sun,
tablet,Onn. 7 inch Core Tablet 64 GB Android 16 2026 Model,97.0,3.6,174.0,Walmart,11,Free delivery,
tablet,Apple iPad Wi-Fi,21.52,3.8,623.0,Rent-A-Center,12,Free delivery,
tablet,Onn. 11 inch Core Tablet 2026 Model,167.0,4.3,94.0,Walmart,13,Free next-day delivery,
tablet,Lenovo Idea Tab Plus Tablet,279.0,4.6,392.0,Best Buy,14,,
tablet,7Inch Android Tablet with Protective Case,37.98,2.1,41.0,Walmart - PeichengTech,15,Free delivery by Tue,
tablet,"Samsung Galaxy Tab A9 8.7"" WXGA+ Tablet",151.87,4.1,15.0,Best Buy,16,,
tablet,"Lenovo Idea Tab 11"" Android 15 or Later Tablet",239.99,4.5,142.0,Newegg.com - Lenovo,17,Free delivery,
tablet,Brand New Samsung Galaxy Tab A11 64gb + 4GB RAM - Wi-Fi Only,133.99,3.6,89.0,Walmart - HotDeals,18,Free delivery by Tue,
tablet,Xiaomi Redmi Pad 2 4G Tablet,177.49,4.9,262.0,Techinn.com,19,,
tablet,Samsung Galaxy Tab S10 Lite,399.99,4.8,4100.0,Best Buy,20,,
tablet,Android Tablet 10 Inch with Case Screen Stylus,59.99,3.6,29.0,Walmart - Novojoy-xl,21,Free delivery by Tue,
tablet,LINSAY Core 256GB Storage Android 15 Tablet Case,129.99,3.6,57.0,staples.com,22,,
tablet,Baken Android 12 Tablet 10.1 inch,59.98,2.9,123.0,Walmart - BoKo Tech,23,Free delivery by Tue,
tablet,"Lenovo Idea Tab Pro 12.7"" Android 14 Tablet",459.99,4.7,194.0,Best Buy,24,Free delivery by Sun,
tablet,"Lenovo Tab One 8.7"" Android Tablet",129.99,4.5,30.0,B&H Photo-Video-Audio,25,Free delivery by Tue,
tablet,7 Inch Android 14 Tablet,38.99,3.1,24.0,Walmart - Novojoy-xl,26,Free delivery by Tue,
tablet,Fire HD 10 Tablet,47.32,5.0,1.0,Glocalzone,27,,
tablet,Apple 13-inch iPad Air M4 Chip Wi-Fi,38.89,4.4,1500.0,Best Buy,28,Free delivery,
tablet,Android 10 inch Tablet,53.99,2.7,51.0,Walmart - Coopers US,29,Free delivery by Tue,
tablet,Samsung Galaxy Tab S11 Ultra,1899.99,4.8,2900.0,Samsung,30,Free delivery,
tablet,Lenovo Tab K11 Tablet,299.99,4.4,81.0,Lenovo,31,Free delivery,
tablet,7 inch Android Tablet,37.99,2.4,175.0,Walmart - YQSavior US,32,Free delivery by Tue,
tablet,Microsoft Surface Pro Copilot+ PC,819.0,4.6,702.0,Best Buy,33,,
tablet,"Samsung Galaxy Tab S10+ SM-X820 Tablet - 12.4"" WQXGA+ - MediaTek Dimensity 9300+ [MT6989] Octa-core - 12 GB - 256 GB Storage - Android 14 - Moonstone",1.0,4.7,2400.0,Beach Audio,34,,
tablet,Tcl TAB 8 Gen 2 8.7 inch HD 64GB Android 14 Tablet,116.0,4.4,91.0,Walmart,35,Free next-day delivery,
tablet,"Honor Pad 10 12.1"" 8GB/ 256GB Octacore Tablet",246.49,4.9,815.0,Techinn.com,36,,
tablet,"Lenovo Idea Tab 11"" Tablet",199.99,4.4,100.0,Micro Center,37,,
tablet,Lenovo Idea Tab Plus Lightweight Tablet,279.99,4.9,8.0,Best Buy,38,,
tablet,Bestski 10 inch Android Tablet,75.59,1.8,12.0,Walmart - BESTSKI LLC,39,Free delivery by Tue,
tablet,"Samsung Galaxy Tab S11 11"" Tablet",899.99,4.7,1900.0,Samsung,40,Free delivery,
gaming laptop,"ACEMAGIC - LX15Pro - 15.6"" Gaming Laptop - AMD Ryzen 5 7430U(6C/12T) - Radeon RX Vega 8 Graphics -16GB memory - 512GB NVMe SSD - Gray",429.0,3.5,8.0,Best Buy,1,,
gaming laptop,"Acer Nitro V 15.6"" Core 5 210H RTX 4050 Laptop",899.0,4.8,83.0,Walmart,2,Free delivery,
gaming laptop,ASUS TUF F17 Gaming Laptop,799.99,,,Staples,3,Free delivery by Wed,
gaming laptop,"ASUS ROG Zephyrus G16 16"" 2.5K OLED 240Hz Gaming Laptop",1849.99,4.6,241.0,Best Buy,4,Free delivery,
gaming laptop,MSI Thin A15 Gaming Laptop,799.0,3.5,2.0,MSI Online Store,5,Free delivery,
gaming laptop,Dell Alienware 15 Gaming Laptop,899.0,4.6,136.0,Walmart,6,Free delivery,
gaming laptop,"HP - Victus 15.6"" Gaming Laptop,AMD Ryzen 7 7445HS,NVIDIA GeForce RTX 4050,16GB DDR5,1TB SSD,Win 11 - Mica Silver",1199.99,4.8,79.0,Best Buy,7,,
gaming laptop,"Razer Blade 18"" Ultra-thin Gaming Laptop",3499.99,,,Razer.com,8,Free delivery,
gaming laptop,16.1 inch FHD Gaming Laptop,579.69,4.3,6.0,Walmart - NIPOGI Official Store,9,Free delivery by Tue,
gaming laptop,"Nimo 15.6"" Gaming Laptop",499.0,4.5,40.0,Best Buy,10,,
gaming laptop,ASUS ROG Strix G16 Gaming Laptop,1649.99,5.0,1.0,Staples,11,Free delivery by Wed,
gaming laptop,"Lenovo Legion Pro 7i 16"" OLED Gaming Laptop Intel Core Ultra 9 275HX",2951.99,4.6,461.0,Lenovo,12,Free delivery,
gaming laptop,"HP OMEN 16"" Gaming Laptop",1399.99,3.6,35.0,HP,13,Free delivery,
gaming laptop,"HP Victus 15.6"" Gaming Laptop",1039.0,4.7,1300.0,Best Buy,14,,
gaming laptop,"Asus TUF Gaming FX505DT 15.6"", Gaming Laptop",6.41,5.0,1.0,Glocalzone,15,,
gaming laptop,"MSI Katana 15.6"" Gaming Laptop",1049.99,4.1,49.0,Walmart - Value Tech,16,Free delivery,
gaming laptop,Acer Nitro V 16S Gaming Laptop,1299.99,5.0,3.0,B&H Photo-Video-Audio,17,Free delivery by Tue,
gaming laptop,"Lenovo LOQ 15.6"" Gaming Laptop",999.0,4.4,5.0,Best Buy,18,,
gaming laptop,Razer Blade 16 Ultra-thin 16-inch AMD Gaming Laptop,2399.99,,,Razer.com,19,Free delivery,
gaming laptop,"HP OMEN Gaming Laptop 16"" 2K 144Hz FHD IPS Display Intel Core Ultra 7 255H",599.6,4.5,30.0,Serigrafia.eus,20,,
gaming laptop,Nimo 15.6 inch FHD AMD Ryzen 5 6600h Gaming Laptop,529.99,,,"Walmart - Cleamol Co.,Ltd",21,,
gaming laptop,GIGABYTE Gaming A16 Gaming Laptop,1099.99,4.8,24.0,Best Buy,22,Free delivery,
gaming laptop,"ASUS ROG Strix G18 18"" FHD+ 144Hz Gaming Laptop",1399.99,,,Staples,23,Free delivery by Wed,
gaming laptop,"acer Nitro V 15 Gaming Laptop 15.6"" FHD IPS 144Hz AMD 6-core Ryzen 5 7535HS 16GB RAM 512GB SSD GeForce RTX 4050 Backlit Type-C Win11 ICP Hub",36.0,,,ravir.de,24,,
gaming laptop,Acer Predator Helios Neo Gaming Laptop,1749.99,4.5,4.0,B&H Photo-Video-Audio,25,Free delivery by Tue,
gaming laptop,HP Omen 15.3' 2K 120Hz OLED Laptop,1058.0,5.0,1.0,Walmart,26,Free delivery,
gaming laptop,"Lenovo LOQ 15.6"" 2K Gaming Laptop",1259.99,,,Best Buy,27,Free delivery by Sun,
gaming laptop,MSI Cyborg 14 Gaming Laptop,1164.73,5.0,1.0,Target,28,Free delivery,
gaming laptop,Lenovo Legion Pro 5i Gaming Laptop,2097.98,4.7,245.0,Newegg.com - DealKing,29,Free delivery,
gaming laptop,Alienware Area-51 Gaming Laptop,2979.99,4.5,458.0,Dell,30,Free delivery,
gaming laptop,Chheart Gaming Laptop,338.88,3.0,4.0,Walmart - Chheart Direct,31,Free delivery by Tue,
gaming laptop,"Acer Nitro V 16"" WUXGA 165Hz Gaming Laptop",1549.99,4.5,13.0,Best Buy,32,Free delivery,
gaming laptop,"ASUS Republic of Gamers Flow Z13 13.4"" Gaming Laptop",3649.99,5.0,2.0,B&H Photo-Video-Audio,33,Free delivery by Tue,
gaming laptop,MSI Cyborg 15 Gaming Laptop,1399.99,,,Altex Electronics,34,,
gaming laptop,New Asus Rog Strix G16 g614fm Ryzen 9 9955hx 2.5ghz 16gb RAM 1tb Ssd Rtx 5060,1599.0,4.3,93.0,Walmart - Value Tech,35,Free delivery,
gaming laptop,"Acer Nitro V 15.6"" Gaming Laptop",1099.0,5.0,3.0,Best Buy,36,,
gaming laptop,Dell Alienware Ac16250 Gaming Laptop,1899.99,4.3,886.0,Dell,37,Free delivery by Thu,
gaming laptop,"Acer Nitro V 16"" WUXGA IPS Gaming Laptop",1549.99,4.0,1.0,Target,38,Free delivery,
gaming laptop,Acer Nitro V Gaming Laptop,999.0,3.4,113.0,Walmart - Better-Buy,39,Free delivery,
gaming laptop,"ASUS ROG Strix G18 18"" 2.5K 240Hz Gaming Laptop",3299.99,4.4,322.0,Best Buy,40,Free delivery by Sun,
wireless earbuds,JLab GO Air Pop True Wireless Earbuds,19.99,4.3,32000.0,Best Buy,1,Free delivery on $35+,
wireless earbuds,Apple AirPods Pro 3,189.99,4.7,21000.0,Target,2,Free delivery by Thu,
wireless earbuds,JBL Vibe Buds True Wireless Earbuds,24.95,4.1,1200.0,Walmart - JBL Official Store,3,Free delivery,
wireless earbuds,Soundcore Liberty 5 By Anker Noise Cancelling Wireless Earbuds,89.98,4.7,1200.0,soundcore US,4,Free delivery,
wireless earbuds,Bose QuietComfort Earbuds,149.0,4.2,4800.0,Lenovo,5,Free delivery,
wireless earbuds,Sony WF-C510 Truly Wireless Earbuds,48.0,4.7,4500.0,Best Buy,6,,
wireless earbuds,Beats Powerbeats Pro 2 Wireless Earbuds,199.95,4.2,4200.0,B&H Photo-Video-Audio,7,Free delivery by Tue,
wireless earbuds,JLab Go Air Pop True Wireless Earbuds,24.99,4.5,7900.0,JLab,8,,
wireless earbuds,QCY MeloBuds A30 Wireless Earbuds 60dB Adaptive AI Scene ANC 8-Mic 3-Device Connect Bluetooth,32.99,4.5,35.0,QCY,9,Free delivery,
wireless earbuds,Sennheiser ACCENTUM True Wireless Earbuds,219.95,4.3,94.0,Sennheiser Consumer Audio US,10,Free delivery by Wed,
wireless earbuds,Google Pixel Buds 2a Wireless Earbuds,99.0,4.6,698.0,Best Buy,11,Free delivery by Sun,
wireless earbuds,Jbl Vibe Flex 2,39.88,3.8,446.0,Walmart,12,Free next-day delivery,
wireless earbuds,AirPods 4 Apple,99.0,4.5,55000.0,Northern Arizona University Bookstore,13,,
wireless earbuds,Bowers & Wilkins PI8 True Wireless Earbuds,499.0,4.6,2300.0,Sweetwater,14,Free delivery by Wed,
wireless earbuds,Skullcandy Dime Evo Wireless Earbuds,34.99,4.4,421.0,Best Buy,15,,
wireless earbuds,Beats Powerbeats Fit Wireless Earbuds,169.99,4.3,605.0,Target,16,Free delivery by Thu,
wireless earbuds,OnePlus Buds 3 Pro,179.99,4.8,769.0,OnePlus Official Store,17,Free delivery,
wireless earbuds,JLab Go Pop ANC True Wireless Earbuds,19.99,4.4,5500.0,Lenovo,18,Free delivery,
wireless earbuds,ProBuds V2 True Wireless Bluetooth Earbuds,19.98,4.7,2200.0,Walmart,19,Next-day delivery $7,
wireless earbuds,iLive Truly Wireless Earbuds,19.99,4.3,5700.0,DICK'S Sporting Goods,20,,
wireless earbuds,JBL Vibe Buds 2 True Wireless Noise Cancelling Earbuds,29.95,3.9,508.0,Best Buy,21,Free delivery on $35+,
wireless earbuds,Soundcore P31i Wireless Earbuds,49.99,4.8,1400.0,soundcore NA,22,Free delivery,
wireless earbuds,Raycon The Fitness True Wireless Bluetooth Earbuds with Microphone and Charging Case,95.98,4.4,58000.0,Raycon,23,Free delivery,
wireless earbuds,Bose QuietComfort Ultra Wireless Noise Cancelling Earbuds,249.0,4.5,2500.0,Sweetwater,24,Free delivery by Wed,
wireless earbuds,ViSound Air Ultra-Light Earbuds,59.0,4.9,134.0,VionB,25,Free delivery,
wireless earbuds,Samsung Galaxy Buds3 FE,116.99,4.4,23000.0,Best Buy,26,,
wireless earbuds,Heyday True Wireless Bluetooth Sweat Resistant Earbuds,18.0,3.1,243.0,Target,27,Free delivery on $35+,
wireless earbuds,Creative Zen Air Plus Wireless Earphones,34.99,3.6,105.0,Lenovo,28,Free delivery,
wireless earbuds,Sentry True Wireless Earbuds,24.99,3.3,14.0,Boscov's,29,,
wireless earbuds,JLab Go Pods ANC True Wireless Earbuds,24.99,4.6,2300.0,JLab,30,Free delivery by Wed,
wireless earbuds,Skullcandy Dime 3 True Wireless Earbuds,24.99,4.2,6600.0,Best Buy,31,Free delivery on $35+,
wireless earbuds,RCA Wave-66 True Wireless Earbuds,29.99,3.5,4.0,Macy's,32,,
wireless earbuds,Sennheiser Momentum True Wireless 4 Earbuds,217.95,4.4,3000.0,B&H Photo-Video-Audio,33,Free delivery by Tue,
wireless earbuds,Cambridge Audio Melomania A100 True Wireless Earbuds,99.0,4.5,378.0,Sweetwater,34,Free delivery by Wed,
wireless earbuds,Soundcore by Anker Liberty 4 NC Wireless Earbuds,79.99,4.7,6600.0,soundcore US,35,Free delivery,
wireless earbuds,EarFun Clip 2 Wireless Earbuds,79.99,4.8,77.0,EarFun,36,Free delivery,
wireless earbuds,JLab GO Air Sport True Wireless Earbuds,24.74,4.1,17000.0,Best Buy,37,,
wireless earbuds,Treblab X3 Pro True Wireless Earbuds,59.99,4.7,40.0,Treblab,38,Free delivery by Thu,
wireless earbuds,JLab JBuds Sport ANC 4 True Wireless Earbuds,59.99,4.5,6300.0,JLab,39,,
wireless earbuds,Sony WF-C710N Wireless Noise Canceling Earbuds,88.0,4.4,3200.0,Sweetwater,40,Free delivery by Wed,
Bluetooth speaker,JBL Go 4 Portable Bluetooth Speaker,39.99,4.8,21000.0,Best Buy,1,,
Bluetooth speaker,Soundcore Boom 2 Portable Bluetooth Speaker,89.99,4.8,55.0,Target,2,Free delivery by Thu,
Bluetooth speaker,iLive Tailgate Party Speaker,54.89,4.0,44.0,Home Depot,3,Free delivery by Tue,
Bluetooth speaker,Sony XB100 Portable Bluetooth Speaker,43.0,4.7,10000.0,Best Buy,4,Free delivery by Sun,
Bluetooth speaker,Bose SoundLink Home Bluetooth Speaker,142.99,4.6,267.0,costco.com,5,Free delivery,
Bluetooth speaker,JBL Charge 6 Portable Waterproof Bluetooth Speaker,129.95,4.8,8800.0,Woot,6,Free delivery,
Bluetooth speaker,JBL Go 5 Portable Bluetooth Speaker,44.95,4.9,2200.0,Micro Center,7,,
Bluetooth speaker,Onn Rugged Speaker with LED Lighting,34.88,4.4,1600.0,Walmart,8,,
Bluetooth speaker,JLab Go Party Portable Bluetooth Speaker,24.74,4.8,2200.0,Best Buy,9,,
Bluetooth speaker,Rechargeable Battery Bluetooth Speaker,9.99,3.9,34.0,Target,10,Free delivery on $35+,
Bluetooth speaker,JBL Grip Portable Bluetooth Speaker,79.95,4.5,979.0,Home Depot,11,Free delivery,
Bluetooth speaker,Marshall Emberton III Portable Bluetooth Speaker,179.99,4.9,3000.0,Sweetwater,12,Free delivery by Wed,
Bluetooth speaker,Anker SoundCore 2 Portable Bluetooth Speaker,29.99,4.5,93.0,Walmart - AnkerDirect,13,,
Bluetooth speaker,JBL CLIP 5 Portable Bluetooth Speaker,69.95,4.7,7300.0,Best Buy,14,,
Bluetooth speaker,IKEA KALLSUP Portable Bluetooth Speaker,9.99,4.5,386.0,IKEA,15,,
Bluetooth speaker,"beFree Sound 15"" Bluetooth Portable Rechargeable Party Speaker",95.87,4.0,31.0,Home Depot,16,Free delivery,
Bluetooth speaker,Soundcore Boom 2 Plus Outdoor Bass Bluetooth Speaker,169.98,4.8,432.0,soundcore US,17,Free delivery,
Bluetooth speaker,Soundcore by Anker Select 4 Go Bluetooth Speaker,23.99,4.9,9000.0,Target,18,Free delivery on $35+,
Bluetooth speaker,JBL Flip 7 Portable Waterproof Bluetooth Speaker,129.95,4.4,858.0,Best Buy,19,,
Bluetooth speaker,Klipsch GIG XXL Bluetooth Wireless Party Speaker,79.99,4.6,136.0,Walmart - Electronic Express,20,Free delivery,
Bluetooth speaker,Tribit StormBox Mini+ 12w Bluetooth Speaker,33.99,4.9,1100.0,Xtremeinn.com,21,,
Bluetooth speaker,JBL FLIP 6 Bluetooth Portable Waterproof Speaker,84.99,4.6,11000.0,"Newegg.com - Simple Cell, Inc",22,Free delivery,
Bluetooth speaker,Bose SoundLink Flex Portable Bluetooth Speaker,139.0,4.8,6100.0,Best Buy,23,,
Bluetooth speaker,DPI Waterproof Bluetooth Speaker,14.99,3.3,227.0,Target,24,Free delivery on $35+,
Bluetooth speaker,JLab Pop Party Bluetooth Portable Speaker,24.99,4.7,823.0,Home Depot,25,Free delivery,
Bluetooth speaker,Altec Lansing HydraTrek Magnetic Bluetooth Speaker,19.99,4.4,90.0,Walmart,26,,
Bluetooth speaker,Beats Bluetooth Pill Portable Speaker Wireless,99.99,4.6,5100.0,BJ's Wholesale Club,27,Free delivery,
Bluetooth speaker,JBL Flip 7 Bluetooth Portable Waterproof Speaker,129.95,4.7,6500.0,Best Buy,28,,
Bluetooth speaker,Marshall Acton III Bluetooth Speaker,299.99,4.8,3300.0,Belk,29,Free delivery,
Bluetooth speaker,Soundcore Rave 3S Karaoke Party Speaker,299.99,4.9,170.0,soundcore US,30,Free delivery,
Bluetooth speaker,ION Glow Tone Bluetooth Speaker,76.0,4.5,28.0,Walmart,31,Free delivery,
Bluetooth speaker,Jumbo HiFi Retro Vintage Wireless Stereo Speaker,39.99,3.5,2.0,Kohl's,32,,
Bluetooth speaker,Ultimate Ears MEGABOOM 4 Bluetooth Speaker,215.99,4.7,512.0,Best Buy,33,,
Bluetooth speaker,House of Marley Jammin Bluetooth Speaker,24.56,4.6,14.0,Home Depot,34,Free delivery,
Bluetooth speaker,Turtlebox Speaker Ranger,250.0,4.6,2900.0,DICK'S Sporting Goods,35,,
Bluetooth speaker,Logitech Z207 Bluetooth,69.99,4.4,1400.0,Micro Center,36,,
Bluetooth speaker,Oumilen Portable Bluetooth Speakers,16.29,,,Walmart,37,,
Bluetooth speaker,Edifier ES20 Bluetooth Portable Speaker,59.99,4.9,318.0,Best Buy,38,Free delivery,
Bluetooth speaker,JBL PartyBox 330 Portable Party Speaker,629.95,4.9,199.0,jbl.com,39,Free delivery,
Bluetooth speaker,"Pyle 5.25"" Portable Wireless Bluetooth Speaker",64.99,,,Macy's,40,Free delivery by Thu,
camera,Kodak PIXPRO FZ55 Digital Camera,139.99,4.6,2700.0,B&H Photo-Video-Audio,1,Free delivery by Tue,
camera,Canon EOS R6 Mark II Mirrorless Camera,1999.99,4.8,2400.0,Lowe's,2,Free delivery by Wed,
camera,Sony Alpha a7 III Mirrorless 4K Video Camera,1029.0,4.7,5000.0,MPB,3,Free delivery,
camera,Canon PowerShot G7 X Mark III Digital Camera,879.0,4.5,2500.0,Bedford Camera & Video,4,Free delivery,
camera,Nikon D7500 DSLR Camera,696.95,4.8,3500.0,Crutchfield,5,Free delivery by Tue,
camera,Sony Alpha a6100 Mirrorless Digital Camera,948.0,4.9,243.0,Adorama,6,Free delivery by Tue,
camera,Canon PowerShot Elph 360 HS A Digital Camera,379.99,4.6,206.0,Canon,7,,
camera,DJI Osmo Pocket 3 Camera,399.0,4.8,1700.0,Glazer's Camera,8,,
camera,OM Digital Solutions OM-1 Mark II Mirrorless Camera,1569.0,4.8,186.0,MPB,9,Free delivery,
camera,Leica D-Lux 8 Digital Camera,1915.0,4.7,153.0,B&H Photo-Video-Audio,10,Free delivery by Tue,
camera,Fujifilm X-T5 Mirrorless Camera,2289.0,4.8,284.0,Walmart - Revel Commerce,11,Free delivery,
camera,Panasonic LUMIX S5II Mirrorless Camera,1697.99,4.8,160.0,Shop Panasonic USA,12,Free delivery,
camera,Sony Alpha a6700 Mirrorless Camera with 18-135mm Lens,1898.0,4.7,305.0,Best Buy,13,,
camera,Canon EOS R50 Mirrorless Camera,729.0,4.8,2800.0,Macy's,14,Free delivery by Thu,
camera,Sony Alpha ZV-E10 II Mirrorless Camera,934.3,4.7,417.0,ExcellentPhoto.ca,15,,
camera,Camp Snap Pro Digital Camera,99.0,5.0,3.0,Glazer's Camera,16,,
camera,Nikon D5100 Digital Camera,107.0,4.6,226.0,MPB,17,Free delivery,
camera,Kodak PIXPRO C1 Digital Camera,99.99,4.4,397.0,B&H Photo-Video-Audio,18,Free delivery by Tue,
camera,Sony Alpha a6700 Mirrorless Camera,1598.0,4.8,27.0,Nelson Photo & Video,19,Free delivery,
camera,Sony Alpha a6400 Mirrorless Camera,1098.0,4.7,1200.0,Best Buy,20,,
camera,Sony Alpha a7 V Mirrorless Camera,2898.0,4.9,179.0,Newegg.com - DataVision,21,Free delivery,
camera,Nikon Z50 II Mirrorless Camera,1396.95,4.7,204.0,pictureline,22,Free delivery,
camera,Canon EOS R8 Mirrorless Camera with RF 24-50mm F4.5-6.3 IS STM Lens,1395.0,4.7,446.0,Willoughby's Photo Emporium,23,Free delivery by Thu,
camera,Sony Alpha a7R II Mirrorless Digital Camera,759.0,4.7,1100.0,MPB,24,Free delivery,
camera,Yashica Tank Compact Digital Camera,99.99,4.6,37.0,K&M Camera,25,Free delivery,
camera,GoPro HERO13 Black Action Camera Bundle,409.99,4.7,647.0,Best Buy,26,Free delivery by Sun,
camera,Panasonic Lumix G100D Mirrorless Camera,647.99,5.0,1.0,Shop Panasonic USA,27,Free delivery,
camera,Canon EOS R100 Mirrorless Camera with 18-45mm and 55-210mm Lens,799.0,4.7,191.0,District Camera,28,Free delivery,
camera,Canon PowerShot V10 Vlog Camera,323.19,4.5,280.0,Aden Camera,29,,
camera,DJI Osmo Action 6 Adventure Camera Combo,536.99,4.7,54.0,Micro Center,30,,
camera,Nikon Z5 II Mirrorless Camera with 24-50mm f/4-6.3 Lens,1896.95,4.9,78.0,Walmart - Beach Camera,31,Free delivery,
camera,Canon EOS Rebel T7 Camera,529.99,4.7,8200.0,Canon,32,,
camera,Fujifilm X-S20 Mirrorless Camera,1366.9,4.8,396.0,ExcellentPhoto.ca,33,,
camera,Canon EOS R6 Mark II Mirrorless Camera with 24-105mm f/4 L IS USM Lens,2675.0,4.8,499.0,Quality Rated Products,34,Free delivery by Mon,
camera,Canon EOS R6 Mark III Mirrorless Camera with RF 24-105mm f4-7.1 IS STM Lens,3149.0,4.7,83.0,Best Buy,35,Free delivery by Sun,
camera,OM System OM-5 Mark II Mirrorless Camera,1199.99,4.8,50.0,Adorama,36,Free delivery by Tue,
camera,Sony a7CR Mirrorless Camera,2921.95,4.7,119.0,B&H Used Store,37,Free delivery by Mon,
camera,Nikon Z8 Mirrorless Camera with 24-120mm f/4 S Lens,4296.95,4.9,67.0,District Camera,38,Free delivery,
camera,Panasonic Lumix S9 Mirrorless Camera with 18-40mm f Lens,1797.99,4.8,82.0,Walmart - Focus Camera,39,Free delivery,
camera,Hasselblad 907X 50C Optics,4829.0,4.7,39.0,MPB,40,Free delivery,
